{"data": [{"type": "bar", "x": [1, 2, 3, 4, 5, 6, 7, 8, 9, 10, 11, 12, 13, 14, 15, 16, 17, 18, 19, 20, 21, 22, 23, 24, 25, 26, 27, 28, 29, 30, 31, 32, 33, 34, 35, 36, 37, 38, 39, 40, 41, 42, 43, 44, 45, 46, 47, 48, 49, 50, 51, 52, 53, 54, 55, 56, 57, 58, 59, 60, 61, 62, 63, 64, 65, 66, 67, 68, 69, 70, 71, 72, 73, 74, 75, 76, 77, 78, 79, 80, 81, 82, 83, 84, 85, 86, 87, 88, 89, 90, 91, 92, 93, 94, 95, 96, 97, 98, 99, 100, 101, 102, 103, 104, 1, 2, 3, 4, 5, 6, 7, 8, 9, 10, 11, 12, 13, 14, 15, 16, 17, 18, 19, 20, 21, 22, 23, 24, 25, 26, 27, 28, 29, 30, 31, 32, 33, 34, 35, 36, 37, 38, 39, 40, 41, 42, 43, 44, 45, 46, 47, 48, 49, 50, 51, 52, 53, 54, 55, 56, 57, 58, 59, 60, 61, 62, 63, 64, 65, 66, 67, 68, 69, 70, 71, 72, 73, 74, 75, 76, 77, 78, 79, 80, 81, 82, 83, 84, 85, 86, 87, 88, 89, 90, 91, 92, 93, 94, 95, 96, 97, 98, 99, 100, 101, 102, 103, 104], "y": [5.422771245397638, 5.422771245397638, 5.422771245397638, 5.422771245397638, 5.422771245397638, 5.422771245397638, 5.422771245397638, 5.422771245397638, 5.422771245397638, 5.422771245397638, 5.422771245397638, 5.422771245397638, 5.422771245397638, 5.422771245397638, 5.422771245397638, 5.422771245397638, 5.422771245397638, 5.422771245397638, 5.422771245397638, 5.422771245397638, 5.422771245397638, 5.422771245397638, 5.422771245397638, 5.422771245397638, 5.422771245397638, 5.422771245397638, 5.422771245397638, 5.422771245397638, 5.422771245397638, 5.422771245397638, -2.46753071160226, -2.46753071160226, -2.46753071160226, -2.46753071160226, -2.46753071160226, -2.46753071160226, -2.46753071160226, -2.46753071160226, -2.46753071160226, -2.46753071160226, -2.46753071160226, -2.46753071160226, -2.46753071160226, -2.46753071160226, -2.46753071160226, -2.46753071160226, -2.46753071160226, -2.46753071160226, -2.46753071160226, -2.46753071160226, -2.46753071160226, -2.46753071160226, -2.46753071160226, -2.46753071160226, -2.46753071160226, -2.46753071160226, -2.46753071160226, -2.46753071160226, -2.46753071160226, -2.46753071160226, -2.46753071160226, -2.46753071160226, -2.46753071160226, -2.46753071160226, -2.46753071160226, -2.46753071160226, -2.46753071160226, -2.46753071160226, -2.46753071160226, -2.46753071160226, -2.46753071160226, -2.46753071160226, -2.46753071160226, -2.46753071160226, -2.46753071160226, -2.46753071160226, -2.46753071160226, -2.46753071160226, -2.46753071160226, -2.46753071160226, -2.46753071160226, -2.46753071160226, -2.46753071160226, -2.46753071160226, -2.46753071160226, -2.46753071160226, -2.46753071160226, -2.46753071160226, -2.46753071160226, 1.3982474976450137, 1.3982474976450137, 1.3982474976450137, 1.3982474976450137, 1.3982474976450137, 1.3982474976450137, 1.3982474976450137, 1.3982474976450137, 1.3982474976450137, 1.3982474976450137, 1.3982474976450137, 1.3982474976450137, 1.3982474976450137, 1.3982474976450137, 0.6991237488225073], "name": "Price", "xaxis": "x1", "yaxis": "y1"}, {"type": "bar", "x": [1, 2, 3, 4, 5, 6, 7, 8, 9, 10, 11, 12, 13, 14, 15, 16, 17, 18, 19, 20, 21, 22, 23, 24, 25, 26, 27, 28, 29, 30, 31, 32, 33, 34, 35, 36, 37, 38, 39, 40, 41, 42, 43, 44, 45, 46, 47, 48, 49, 50, 51, 52, 53, 54, 55, 56, 57, 58, 59, 60, 61, 62, 63, 64, 65, 66, 67, 68, 69, 70, 71, 72, 73, 74, 75, 76, 77, 78, 79, 80, 81, 82, 83, 84, 85, 86, 87, 88, 89, 90, 91, 92, 93, 94, 95, 96, 97, 98, 99, 100, 101, 102, 103, 104, 1, 2, 3, 4, 5, 6, 7, 8, 9, 10, 11, 12, 13, 14, 15, 16, 17, 18, 19, 20, 21, 22, 23, 24, 25, 26, 27, 28, 29, 30, 31, 32, 33, 34, 35, 36, 37, 38, 39, 40, 41, 42, 43, 44, 45, 46, 47, 48, 49, 50, 51, 52, 53, 54, 55, 56, 57, 58, 59, 60, 61, 62, 63, 64, 65, 66, 67, 68, 69, 70, 71, 72, 73, 74, 75, 76, 77, 78, 79, 80, 81, 82, 83, 84, 85, 86, 87, 88, 89, 90, 91, 92, 93, 94, 95, 96, 97, 98, 99, 100, 101, 102, 103, 104], "y": [15.057614574602365, 15.057614574602365, 15.057614574602365, 15.057614574602365, 15.057614574602365, 15.057614574602365, 15.057614574602365, 15.057614574602365, 15.057614574602365, 15.057614574602365, 15.057614574602365, 15.057614574602365, 15.057614574602365, 15.057614581580392, 15.057614641065424, 15.05761459395627, 15.05761457970031, 15.05761457256001, 15.057614586109178, 15.057614585614402, 15.057614572857815, 15.057614582150293, 15.057614585961495, 15.057614578667835, 15.057614533361043, 15.057614528376416, 15.057614586080827, 15.057614582667387, 15.057614590140243, 15.057614585951058, 15.057614578779859, 15.057614579196459, 15.057614578723896, 15.057614572554922, 15.057614565680137, 15.057614566659009, 15.057614569386946, 15.057614578664758, 15.057614577818217, 15.057614580179845, 15.057614572197885, 15.05761457029945, 15.05761457437313, 15.057614579652796, 15.057614586474092, 15.05761458370857, 15.05761457045589, 15.05761458634624, 15.05761457584143, 15.057614583359836, 15.05761457089513, 15.057614577517338, 15.057614578468872, 15.057614578465707, 15.057614578196475, 15.057614578051682, 15.057614578868941, 15.057614578035984, 15.057614578220436, 15.05761457825923, 15.057614578134737, 15.057614578529344, 15.057614577807337, 15.057614577368483, 15.057614578398574, 15.057614579315345, 15.057614534480177, 15.057614507807653, 15.05761457173443, 15.057614580709199, 15.05761457876648, 15.057614558173452, 15.05761460899522, 15.057614578703632, 15.057614574871078, 15.057614580753057, 15.057614612405626, 15.057614563241213, 15.057614572044994, 15.057614572100519, 15.057614591974403, 15.057614557453245, 15.057614696270672, 15.057614586712614, 15.057614573541205, 15.057614586447148, 15.057614513344515, 15.057614627769379, 15.057614580030684, 15.05761457492708, 15.057614587947267, 15.057614586012935, 15.057614574193781, 15.057614581397349, 15.057614579585106, 15.057614579518916, 15.057614579574626, 15.057614578827444, 15.057614579476567, 15.057614578959793, 15.057614579014146, 15.057614579121147, 15.05761457889206, 7.528807289240109], "name": "Base", "xaxis": "x1", "yaxis": "y1"}, {"type": "bar", "x": [1, 2, 3, 4, 5, 6, 7, 8, 9, 10, 11, 12, 13, 14, 15, 16, 17, 18, 19, 20, 21, 22, 23, 24, 25, 26, 27, 28, 29, 30, 31, 32, 33, 34, 35, 36, 37, 38, 39, 40, 41, 42, 43, 44, 45, 46, 47, 48, 49, 50, 51, 52, 53, 54, 55, 56, 57, 58, 59, 60, 61, 62, 63, 64, 65, 66, 67, 68, 69, 70, 71, 72, 73, 74, 75, 76, 77, 78, 79, 80, 81, 82, 83, 84, 85, 86, 87, 88, 89, 90, 91, 92, 93, 94, 95, 96, 97, 98, 99, 100, 101, 102, 103, 104, 1, 2, 3, 4, 5, 6, 7, 8, 9, 10, 11, 12, 13, 14, 15, 16, 17, 18, 19, 20, 21, 22, 23, 24, 25, 26, 27, 28, 29, 30, 31, 32, 33, 34, 35, 36, 37, 38, 39, 40, 41, 42, 43, 44, 45, 46, 47, 48, 49, 50, 51, 52, 53, 54, 55, 56, 57, 58, 59, 60, 61, 62, 63, 64, 65, 66, 67, 68, 69, 70, 71, 72, 73, 74, 75, 76, 77, 78, 79, 80, 81, 82, 83, 84, 85, 86, 87, 88, 89, 90, 91, 92, 93, 94, 95, 96, 97, 98, 99, 100, 101, 102, 103, 104],