{"data": [{"type": "bar", "x": [1, 2, 3, 4, 5, 6, 7, 8, 9, 10, 11, 12, 13, 14, 15, 16, 17, 18, 19, 20, 21, 22, 23, 24, 25, 26, 27, 28, 29, 30, 31, 32, 33, 34, 35, 36, 37, 38, 39, 40, 41, 42, 43, 44, 45, 46, 47, 48, 49, 50, 51, 52, 53, 54, 55, 56, 57, 58, 59, 60, 61, 62, 63, 64, 65, 66, 67, 68, 69, 70, 71, 72, 73, 74, 75, 76, 77, 78, 79, 80, 81, 82, 83, 84, 85, 86, 87, 88, 89, 90, 91, 92, 93, 94, 95, 96, 97, 98, 99, 100, 101, 102, 103, 104, 1, 2, 3, 4, 5, 6, 7, 8, 9, 10, 11, 12, 13, 14, 15, 16, 17, 18, 19, 20, 21, 22, 23, 24, 25, 26, 27, 28, 29, 30, 31, 32, 33, 34, 35, 36, 37, 38, 39, 40, 41, 42, 43, 44, 45, 46, 47, 48, 49, 50, 51, 52, 53, 54, 55, 56, 57, 58, 59, 60, 61, 62, 63, 64, 65, 66, 67, 68, 69, 70, 71, 72, 73, 74, 75, 76, 77, 78, 79, 80, 81, 82, 83, 84, 85, 86, 87, 88, 89, 90, 91, 92, 93, 94, 95, 96, 97, 98, 99, 100, 101, 102, 103, 104], "y": [27.996578196349162, 27.996578196349162, 27.996578196349162, 27.996578196349162, 27.996578196349162, 27.996578196349162, 27.996578196349162, 27.996578196349162, 27.996578196349162, 27.996578196349162, 27.996578196349162, 27.996578196349162, 27.996578196349162, 27.948943696928794, 27.5598318927931, 26.996398631467216, 27.978067740681993, 28.0069138302555, 27.85040932576773, 27.361595609651133, 26.810944732849904, 27.97291047464109, 28.006933609823413, 27.845977530259816, 27.35433359402218, 26.80468827885595, 27.972739395208436, 28.00693369709488, 27.845837465061393, 27.354105502958006, 27.58720795039018, 28.023795958067304, 28.01193578058677, 27.995913325024304, 27.81690992290082, 27.587205318512346, 28.023795863367198, 28.011935802892594, 27.99591321981417, 28.018690561574196, 28.005314375100788, 27.99849887151136, 27.995288260342605, 27.99374601101458, 27.992991743607686, 27.539983488546067, 27.76719957287021, 27.879993840978646, 27.936188666078653, 27.964235642574053, 27.978246539416496, 27.985248842184987, 27.988749207430715, 27.990499193553273, 27.991374137493764, 27.991811597184345, 27.99203032395979, 27.99213968658006, 27.992194367698335, 27.992221708209506, 27.992235378453096, 27.9922422135719, 27.992245631130547, 27.992247339909685, 27.992248194299208, 28.022845520416666, 28.01115967256318, 27.975493615931086, 28.020227969880587, 28.006304727282053, 28.023640388011195, 27.99936939638674, 27.96286231153853, 28.02089271923407, 28.00677427366447, 28.02355431779177, 27.99891571143469, 27.962432651309413, 28.020912765617254, 28.00678895449694, 28.02355154784582, 27.998901526660845, 27.962419151347007, 28.020913392263324, 28.006789402123523, 28.023551444530483, 27.99890101230946, 27.962418725574352, 28.02091340824991, 28.00775565586833, 28.001451583880957, 28.01143595372799, 28.0038202557356, 27.999432895857524, 27.997237491763876, 27.996150898926324, 27.995611510369255, 27.552694249894227, 27.774679411173494, 27.88507523606686, 27.940124583914816, 27.967612194468767, 27.98134674360933, 7.52718943671746], "name": "Base", "xaxis": "x1", "yaxis": "y1"}, {"type": "bar", "x": [1, 2, 3, 4, 5, 6, 7, 8, 9, 10, 11, 12, 13, 14, 15, 16, 17, 18, 19, 20, 21, 22, 23, 24, 25, 26, 27, 28, 29, 30, 31, 32, 33, 34, 35, 36, 37, 38, 39, 40, 41, 42, 43, 44, 45, 46, 47, 48, 49, 50, 51, 52, 53, 54, 55, 56, 57, 58, 59, 60, 61, 62, 63, 64, 65, 66, 67, 68, 69, 70, 71, 72, 73, 74, 75, 76, 77, 78, 79, 80, 81, 82, 83, 84, 85, 86, 87, 88, 89, 90, 91, 92, 93, 94, 95, 96, 97, 98, 99, 100, 101, 102, 103, 104, 1, 2, 3, 4, 5, 6, 7, 8, 9, 10, 11, 12, 13, 14, 15, 16, 17, 18, 19, 20, 21, 22, 23, 24, 25, 26, 27, 28, 29, 30, 31, 32, 33, 34, 35, 36, 37, 38, 39, 40, 41, 42, 43, 44, 45, 46, 47, 48, 49, 50, 51, 52, 53, 54, 55, 56, 57, 58, 59, 60, 61, 62, 63, 64, 65, 66, 67, 68, 69, 70, 71, 72, 73, 74, 75, 76, 77, 78, 79, 80, 81, 82, 83, 84, 85, 86, 87, 88, 89, 90, 91, 92, 93, 94, 95, 96, 97, 98, 99, 100, 101, 102, 103, 104], "y": [0.0, 0.0, 0.0, 0.0, 0.0, 0.0, 0.0, 0.0, 0.0, 0.0, 0.0, 0.0, 0.0, 243.31684407942032, 727.136184983556, 1223.8256628448823, 181.05439697566715, 53.25313266609369, 397.8261116505815, 914.3373751666984, 1369.746876043499, 193.37593800170802, 55.78513409652578, 403.8290551460894, 920.8732232823269, 1374.569200597493, 193.77195438114074, 55.86538067925426, 404.0179734112877, 921.0781896733913, 844.7657793652984, 119.08051104762143, 34.330827785101924, 248.27274338066434, 566.006643792788, 844.7686784971762, 119.0807489123215, 34.330875962796114, 248.2728567758745, 56.3115327641145, 19.783942130587917, 8.38730708417734, 3.872839458346095, 1.8622430856741143, 0.9132811890810197, 0.45226556014263153, 0.225049475818488, 0.11225520771005204, 0.05606038261004542, 0.028013406114646422, 0.014002509272202701, 0.007000206503713358, 0.003499841257984748, 0.0017498551354249159, 0.0008749111949342137, 0.0004374515043519267, 0.00021872472890827055, 0.00010936210864009865, 5.468099036409768e-05, 2.734047919172866e-05, 1.3670235603058245e-05, 6.835116798775687e-06, 3.4175581520301535e-06, 1.7087790142866766e-06, 8.543894907120375e-07, 81.46439446527205, 198.6513155831255, 299.7300945697575, 63.53187056580809, 21.69687656840665, 122.20349875767751, 238.25675411930195, 327.3661745041501, 67.17235643645462, 22.63122456202424, 123.70466328789698, 239.60222574425404, 328.26688044437935, 67.28854626007143, 22.66073296119177, 123.75182327784285, 239.6443830390278, 328.29506474434163, 67.29217959342535, 22.66165540356517, 123.75329727115823, 239.6457005633792, 328.2959455401143, 67.2922931374388, 29.626266161818194, 161.78627549380556, 46.10900431395853, 17.844647201950913, 7.900980461828999, 3.723637276922643, 1.8083179597601973, 0.8911654723172635, 0.4423808757922991, 0.22039571451302997, 0.10999988961966523, 0.05495054177170822, 0.02746293121775878, 0.013728382077195178, 0.0018458580185765072], "name": "marketing", "xaxis": "x1", "yaxis": "y1"}, {"type": "bar", "x": [1, 2, 3, 4, 5, 6, 7, 8, 9, 10, 11, 12, 13, 14, 15, 16, 17, 18, 19, 20, 21, 22, 23, 24, 25, 26, 27, 28, 29, 30, 31, 32, 33, 34, 35, 36, 37, 38, 39, 40, 41, 42, 43, 44, 45, 46, 47, 48, 49, 50, 51, 52, 53, 54, 55, 56, 57, 58, 59, 60, 61, 62, 63, 64, 65, 66, 67, 68, 69, 70, 71, 72, 73, 74, 75, 76, 77, 78, 79, 80, 81, 82, 83, 84, 85, 86, 87, 88, 89, 90, 91, 92, 93, 94, 95, 96, 97, 98, 99, 100, 101, 102, 103, 104, 1, 2, 3, 4, 5, 6, 7, 8, 9, 10, 11, 12, 13, 14, 15, 16, 17, 18, 19, 20, 21, 22, 23, 24, 25, 26, 27, 28, 29, 30, 31, 32, 33, 34, 35, 36, 37, 38, 39, 40, 41, 42, 43, 44, 45, 46, 47, 48, 49, 50, 51, 52, 53, 54, 55, 56, 57, 58, 59, 60, 61, 62, 63, 64, 65, 66, 67, 68, 69, 70, 71, 72, 73, 74, 75, 76, 77, 78, 79, 80, 81, 82, 83, 84, 85, 86, 87, 88, 89, 90, 91, 92, 93, 94, 95, 96, 97, 98, 99, 100, 101, 102, 103, 104],